wmo_id,parameter,before,after,timestamp,flag,after_45,after_alt_2
97700,CLOUD_BASE_M_H,5640.0,9999,2013-11-13 07:00:00,0,,
97700,CLOUD_BASE_M_H,5610.0,9999,2014-03-07 20:00:00,0,,
97700,CLOUD_BASE_M_H,5640.0,9999,2014-03-30 08:00:00,0,,
97700,CLOUD_BASE_M_H,5140.0,9999,2014-04-14 12:00:00,0,,
97700,CLOUD_BASE_M_H,5640.0,9999,2014-05-08 05:00:00,0,,
97700,CLOUD_BASE_M_H,2510.0,9999,2014-06-30 21:00:00,0,,
97700,CLOUD_BASE_M_H,5110.0,9999,2014-10-07 09:00:00,0,,
97700,CLOUD_PEAK_M,2.0,9999,2013-11-15 15:00:00,0,,
97700,CLOUD_PEAK_M,2.0,9999,2014-02-03 03:00:00,0,,
97700,CLOUD_PEAK_M,1.0,9999,2019-11-29 02:00:00,2,,
97700,CLOUD_MED_HEIGHT_M,510.0,9999,2013-10-29 07:00:00,0,,
97700,CLOUD_MED_HEIGHT_M,540.0,9999,2013-10-29 08:00:00,0,,
97700,CLOUD_MED_HEIGHT_M,540.0,9999,2013-11-01 08:00:00,0,,
97700,CLOUD_MED_HEIGHT_M,270.0,9999,2013-11-05 02:00:00,0,,
97700,CLOUD_MED_HEIGHT_M,510.0,9999,2013-11-11 20:00:00,0,,
97700,CLOUD_MED_HEIGHT_M,510.0,9999,2013-11-14 19:00:00,0,,
97700,CLOUD_MED_HEIGHT_M,300.0,9999,2013-11-22 21:00:00,0,,
97700,CLOUD_MED_HEIGHT_M,300.0,9999,2013-11-25 07:00:00,0,,
97700,CLOUD_MED_HEIGHT_M,300.0,9999,2013-11-25 10:00:00,0,,
97700,CLOUD_MED_HEIGHT_M,300.0,9999,2013-11-26 15:00:00,0,,
97700,CLOUD_MED_HEIGHT_M,300.0,9999,2013-11-26 16:00:00,0,,
97700,CLOUD_MED_HEIGHT_M,300.0,9999,2013-11-26 19:00:00,0,,
97700,CLOUD_MED_HEIGHT_M,300.0,9999,2013-11-26 20:00:00,0,,
97700,CLOUD_MED_HEIGHT_M,300.0,9999,2013-11-26 21:00:00,0,,
97700,CLOUD_MED_HEIGHT_M,300.0,9999,2013-11-29 07:00:00,0,,
97700,CLOUD_MED_HEIGHT_M,300.0,9999,2013-11-30 15:00:00,0,,
97700,CLOUD_MED_HEIGHT_M,300.0,9999,2013-12-08 20:00:00,0,,
97700,CLOUD_MED_HEIGHT_M,27070.0,9999,2013-12-19 07:00:00,0,,
97700,CLOUD_MED_HEIGHT_M,300.0,9999,2013-12-20 11:00:00,0,,
97700,CLOUD_MED_HEIGHT_M,300.0,9999,2013-12-30 00:00:00,0,,
97700,CLOUD_MED_HEIGHT_M,270.0,9999,2014-01-02 03:00:00,0,,
97700,CLOUD_MED_HEIGHT_M,270.0,9999,2014-01-06 23:00:00,0,,
97700,CLOUD_MED_HEIGHT_M,300.0,9999,2014-01-09 18:00:00,0,,
97700,CLOUD_MED_HEIGHT_M,300.0,9999,2014-01-09 20:00:00,0,,
97700,CLOUD_MED_HEIGHT_M,300.0,9999,2014-01-10 04:00:00,0,,
97700,CLOUD_MED_HEIGHT_M,540.0,9999,2014-01-11 08:00:00,0,,
97700,CLOUD_MED_HEIGHT_M,510.0,9999,2014-01-13 19:00:00,0,,
97700,CLOUD_MED_HEIGHT_M,510.0,9999,2014-01-14 20:00:00,0,,
97700,CLOUD_MED_HEIGHT_M,540.0,9999,2014-01-16 17:00:00,0,,
97700,CLOUD_MED_HEIGHT_M,300.0,9999,2014-01-25 21:00:00,0,,
97700,CLOUD_MED_HEIGHT_M,240.0,9999,2014-01-26 16:00:00,0,,
97700,CLOUD_MED_HEIGHT_M,24000.0,9999,2014-01-27 16:00:00,0,,
97700,CLOUD_MED_HEIGHT_M,510.0,9999,2014-01-30 23:00:00,0,,
97700,CLOUD_MED_HEIGHT_M,0.0,9999,2014-02-06 16:00:00,0,,
97700,CLOUD_MED_HEIGHT_M,0.0,9999,2014-02-06 17:00:00,0,,
97700,CLOUD_MED_HEIGHT_M,0.0,9999,2014-02-06 18:00:00,0,,
97700,CLOUD_MED_HEIGHT_M,0.0,9999,2014-02-06 19:00:00,0,,
97700,CLOUD_MED_HEIGHT_M,0.0,9999,2014-02-06 20:00:00,0,,
97700,CLOUD_MED_HEIGHT_M,540.0,9999,2014-02-21 09:00:00,0,,
97700,CLOUD_MED_HEIGHT_M,0.0,9999,2014-03-31 23:00:00,0,,
97700,CLOUD_MED_HEIGHT_M,0.0,9999,2014-04-01 00:00:00,0,,
97700,CLOUD_MED_HEIGHT_M,0.0,9999,2014-04-07 16:00:00,0,,
97700,CLOUD_MED_HEIGHT_M,0.0,9999,2014-04-07 17:00:00,0,,
97700,CLOUD_MED_HEIGHT_M,0.0,9999,2014-04-07 18:00:00,0,,
97700,CLOUD_MED_HEIGHT_M,0.0,9999,2014-04-07 19:00:00,0,,
97700,CLOUD_MED_HEIGHT_M,300.0,9999,2014-04-19 18:00:00,0,,
97700,CLOUD_MED_HEIGHT_M,0.0,9999,2014-04-25 23:00:00,0,,
97700,CLOUD_MED_HEIGHT_M,0.0,9999,2014-05-09 15:00:00,0,,
97700,CLOUD_MED_HEIGHT_M,0.0,9999,2014-05-09 16:00:00,0,,
97700,CLOUD_MED_HEIGHT_M,27400.0,9999,2014-05-20 14:00:00,0,,
97700,CLOUD_MED_HEIGHT_M,0.0,9999,2014-05-22 13:00:00,0,,
97700,CLOUD_MED_HEIGHT_M,27000.0,9999,2014-05-25 17:00:00,0,,
97700,CLOUD_MED_HEIGHT_M,0.0,9999,2014-05-27 06:00:00,0,,
97700,CLOUD_MED_HEIGHT_M,0.0,9999,2014-05-27 07:00:00,0,,
97700,CLOUD_MED_HEIGHT_M,210.0,9999,2014-05-31 08:00:00,0,,
97700,CLOUD_MED_HEIGHT_M,300.0,9999,2014-06-01 06:00:00,0,,
97700,CLOUD_MED_HEIGHT_M,0.0,9999,2014-06-05 11:00:00,0,,
97700,CLOUD_MED_HEIGHT_M,0.0,9999,2014-06-05 12:00:00,0,,
97700,CLOUD_MED_HEIGHT_M,270.0,9999,2014-06-29 14:00:00,0,,
97700,CLOUD_MED_HEIGHT_M,300.0,9999,2014-06-30 12:00:00,0,,
97700,CLOUD_MED_HEIGHT_M,0.0,9999,2014-07-19 14:00:00,0,,
97700,CLOUD_MED_HEIGHT_M,0.0,9999,2014-07-19 15:00:00,0,,
97700,CLOUD_MED_HEIGHT_M,0.0,9999,2014-07-19 16:00:00,0,,
97700,CLOUD_MED_HEIGHT_M,0.0,9999,2014-07-19 17:00:00,0,,
97700,CLOUD_MED_HEIGHT_M,0.0,9999,2014-07-19 18:00:00,0,,
97700,CLOUD_MED_HEIGHT_M,0.0,9999,2014-07-19 19:00:00,0,,
97700,CLOUD_MED_HEIGHT_M,0.0,9999,2014-07-19 20:00:00,0,,
97700,CLOUD_MED_HEIGHT_M,0.0,9999,2014-07-19 21:00:00,0,,
97700,CLOUD_MED_HEIGHT_M,0.0,9999,2014-07-19 22:00:00,0,,
97700,CLOUD_MED_HEIGHT_M,0.0,9999,2014-07-24 18:00:00,0,,
97700,CLOUD_MED_HEIGHT_M,0.0,9999,2014-07-24 19:00:00,0,,
97700,CLOUD_MED_HEIGHT_M,0.0,9999,2014-07-27 10:00:00,0,,
97700,CLOUD_MED_HEIGHT_M,0.0,9999,2014-07-27 11:00:00,0,,
97700,CLOUD_MED_HEIGHT_M,0.0,9999,2014-07-27 12:00:00,0,,
97700,CLOUD_MED_HEIGHT_M,0.0,9999,2014-07-28 17:00:00,0,,
97700,CLOUD_MED_HEIGHT_M,0.0,9999,2014-07-28 18:00:00,0,,
97700,CLOUD_MED_HEIGHT_M,0.0,9999,2014-07-28 19:00:00,0,,
97700,CLOUD_MED_HEIGHT_M,0.0,9999,2014-07-28 20:00:00,0,,
97700,CLOUD_MED_HEIGHT_M,0.0,9999,2014-07-29 23:00:00,0,,
97700,CLOUD_MED_HEIGHT_M,0.0,9999,2014-08-01 23:00:00,0,,
97700,CLOUD_MED_HEIGHT_M,0.0,9999,2014-08-04 11:00:00,0,,
97700,CLOUD_MED_HEIGHT_M,0.0,9999,2014-08-04 12:00:00,0,,
97700,CLOUD_MED_HEIGHT_M,0.0,9999,2014-08-04 13:00:00,0,,
97700,CLOUD_MED_HEIGHT_M,0.0,9999,2014-08-06 06:00:00,0,,
97700,CLOUD_MED_HEIGHT_M,0.0,9999,2014-08-09 13:00:00,0,,
97700,CLOUD_MED_HEIGHT_M,0.0,9999,2014-08-21 08:00:00,0,,
97700,CLOUD_MED_HEIGHT_M,0.0,9999,2014-08-21 09:00:00,0,,
97700,CLOUD_MED_HEIGHT_M,0.0,9999,2014-08-21 11:00:00,0,,
97700,CLOUD_MED_HEIGHT_M,0.0,9999,2014-08-21 12:00:00,0,,
97700,CLOUD_MED_HEIGHT_M,0.0,9999,2014-08-21 14:00:00,0,,
97700,CLOUD_MED_HEIGHT_M,270.0,9999,2014-08-26 02:00:00,0,,
97700,CLOUD_MED_HEIGHT_M,300.0,9999,2014-09-01 08:00:00,0,,
97700,CLOUD_MED_HEIGHT_M,0.0,9999,2014-09-15 07:00:00,0,,
97700,CLOUD_MED_HEIGHT_M,0.0,9999,2014-09-15 08:00:00,0,,
97700,CLOUD_MED_HEIGHT_M,0.0,9999,2014-09-15 09:00:00,0,,
97700,CLOUD_MED_HEIGHT_M,0.0,9999,2014-09-15 10:00:00,0,,
97700,CLOUD_MED_HEIGHT_M,0.0,9999,2014-09-15 11:00:00,0,,
97700,CLOUD_MED_HEIGHT_M,0.0,9999,2014-09-15 12:00:00,0,,
97700,CLOUD_MED_HEIGHT_M,0.0,9999,2014-09-18 13:00:00,0,,
97700,CLOUD_MED_HEIGHT_M,0.0,9999,2014-09-18 19:00:00,0,,
97700,CLOUD_MED_HEIGHT_M,0.0,9999,2014-09-18 20:00:00,0,,
97700,CLOUD_MED_HEIGHT_M,0.0,9999,2014-09-18 21:00:00,0,,
97700,CLOUD_MED_HEIGHT_M,0.0,9999,2014-09-18 22:00:00,0,,
97700,CLOUD_MED_HEIGHT_M,0.0,9999,2014-09-19 00:00:00,0,,
97700,CLOUD_MED_HEIGHT_M,0.0,9999,2014-09-19 01:00:00,0,,
97700,CLOUD_MED_HEIGHT_M,0.0,9999,2014-09-19 02:00:00,0,,
97700,CLOUD_MED_HEIGHT_M,0.0,9999,2014-09-22 23:00:00,0,,
97700,CLOUD_MED_HEIGHT_M,0.0,9999,2014-09-23 01:00:00,0,,
97700,CLOUD_MED_HEIGHT_M,300.0,9999,2014-09-24 06:00:00,0,,
97700,CLOUD_MED_HEIGHT_M,0.0,9999,2014-09-25 11:00:00,0,,
97700,CLOUD_MED_HEIGHT_M,0.0,9999,2014-09-29 11:00:00,0,,
97700,CLOUD_MED_HEIGHT_M,0.0,9999,2014-09-29 12:00:00,0,,
97700,CLOUD_MED_HEIGHT_M,300.0,9999,2014-10-03 12:00:00,0,,
97700,CLOUD_MED_HEIGHT_M,0.0,9999,2014-10-04 15:00:00,0,,
97700,CLOUD_MED_HEIGHT_M,0.0,9999,2014-10-04 16:00:00,0,,
97700,CLOUD_MED_HEIGHT_M,0.0,9999,2014-10-04 17:00:00,0,,
97700,CLOUD_MED_HEIGHT_M,0.0,9999,2014-10-04 18:00:00,0,,
97700,CLOUD_MED_HEIGHT_M,2.0,9999,2014-10-11 17:00:00,0,,
97700,CLOUD_MED_HEIGHT_M,0.0,9999,2014-10-15 23:00:00,0,,
97700,CLOUD_MED_HEIGHT_M,0.0,9999,2014-10-18 11:00:00,0,,
97700,CLOUD_MED_HEIGHT_M,0.0,9999,2014-10-18 12:00:00,0,,
97700,CLOUD_MED_HEIGHT_M,0.0,9999,2014-10-18 13:00:00,0,,
97700,CLOUD_MED_HEIGHT_M,0.0,9999,2014-10-18 14:00:00,0,,
97700,CLOUD_MED_HEIGHT_M,0.0,9999,2014-10-18 15:00:00,0,,
97700,CLOUD_MED_HEIGHT_M,0.0,9999,2014-10-18 16:00:00,0,,
97700,CLOUD_MED_HEIGHT_M,0.0,9999,2014-10-22 06:00:00,0,,
97700,CLOUD_MED_HEIGHT_M,300.0,9999,2014-10-23 06:00:00,0,,
97700,CLOUD_MED_HEIGHT_M,0.0,9999,2014-10-24 13:00:00,0,,
97700,CLOUD_MED_HEIGHT_M,0.0,9999,2014-10-24 14:00:00,0,,
97700,CLOUD_MED_HEIGHT_M,0.0,9999,2014-10-24 15:00:00,0,,
97700,CLOUD_MED_HEIGHT_M,0.0,9999,2014-10-24 16:00:00,0,,
97700,CLOUD_MED_HEIGHT_M,0.0,9999,2014-10-24 17:00:00,0,,
97700,CLOUD_MED_HEIGHT_M,0.0,9999,2014-10-24 18:00:00,0,,
97700,CLOUD_MED_HEIGHT_M,0.0,9999,2014-10-24 19:00:00,0,,
97700,CLOUD_MED_HEIGHT_M,0.0,9999,2014-11-10 23:00:00,0,,
97700,CLOUD_MED_HEIGHT_M,0.0,9999,2014-11-12 16:00:00,0,,
97700,CLOUD_MED_HEIGHT_M,0.0,9999,2014-11-12 17:00:00,0,,
97700,CLOUD_MED_HEIGHT_M,27100.0,9999,2014-11-13 01:00:00,0,,
97700,CLOUD_MED_HEIGHT_M,0.0,9999,2014-11-13 23:00:00,0,,
97700,CLOUD_MED_HEIGHT_M,0.0,9999,2014-11-22 23:00:00,0,,
97700,CLOUD_MED_HEIGHT_M,0.0,9999,2014-11-23 11:00:00,0,,
97700,CLOUD_MED_HEIGHT_M,0.0,9999,2014-12-10 13:00:00,0,,
97700,CLOUD_MED_HEIGHT_M,0.0,9999,2014-12-10 14:00:00,0,,
97700,CLOUD_MED_HEIGHT_M,0.0,9999,2014-12-10 15:00:00,0,,
97700,CLOUD_MED_HEIGHT_M,0.0,9999,2014-12-10 16:00:00,0,,
97700,CLOUD_MED_HEIGHT_M,0.0,9999,2014-12-14 23:00:00,0,,
97700,CLOUD_MED_HEIGHT_M,0.0,9999,2014-12-15 00:00:00,0,,
97700,CLOUD_MED_HEIGHT_M,0.0,9999,2014-12-15 17:00:00,0,,
97700,CLOUD_MED_HEIGHT_M,0.0,9999,2014-12-15 18:00:00,0,,
97700,CLOUD_MED_HEIGHT_M,0.0,9999,2014-12-15 19:00:00,0,,
97700,CLOUD_MED_HEIGHT_M,0.0,9999,2014-12-22 17:00:00,0,,
97700,CLOUD_MED_HEIGHT_M,0.0,9999,2014-12-22 18:00:00,0,,
97700,CLOUD_MED_HEIGHT_M,0.0,9999,2015-10-04 15:00:00,0,,
97700,CLOUD_MED_HEIGHT_M,0.0,9999,2015-10-04 16:00:00,0,,
97700,CLOUD_MED_HEIGHT_M,0.0,9999,2015-10-04 17:00:00,0,,
97700,CLOUD_MED_HEIGHT_M,0.0,9999,2015-10-04 18:00:00,0,,
97700,CLOUD_MED_HEIGHT_M,0.0,9999,2015-10-04 19:00:00,0,,
97700,CLOUD_MED_HEIGHT_M,0.0,9999,2015-10-04 20:00:00,0,,
97700,CLOUD_MED_HEIGHT_M,0.0,9999,2015-10-04 21:00:00,0,,
97700,CLOUD_MED_HEIGHT_M,0.0,9999,2015-10-04 22:00:00,0,,
97700,CLOUD_MED_HEIGHT_M,0.0,9999,2015-10-07 23:00:00,0,,
97700,CLOUD_MED_HEIGHT_M,0.0,9999,2015-10-08 00:00:00,0,,
97700,CLOUD_MED_HEIGHT_M,0.0,9999,2015-10-08 08:00:00,0,,
97700,CLOUD_MED_HEIGHT_M,0.0,9999,2015-10-08 09:00:00,0,,
97700,CLOUD_MED_HEIGHT_M,0.0,9999,2015-10-08 10:00:00,0,,
97700,CLOUD_MED_HEIGHT_M,0.0,9999,2015-10-08 11:00:00,0,,
97700,CLOUD_MED_HEIGHT_M,0.0,9999,2015-10-08 12:00:00,0,,
97700,CLOUD_MED_HEIGHT_M,0.0,9999,2015-10-08 13:00:00,0,,
97700,CLOUD_MED_HEIGHT_M,0.0,9999,2015-10-08 14:00:00,0,,
97700,CLOUD_MED_HEIGHT_M,0.0,9999,2015-10-08 15:00:00,0,,
97700,CLOUD_MED_HEIGHT_M,0.0,9999,2015-10-08 16:00:00,0,,
97700,CLOUD_MED_HEIGHT_M,0.0,9999,2015-10-08 17:00:00,0,,
97700,CLOUD_MED_HEIGHT_M,0.0,9999,2015-10-08 18:00:00,0,,
97700,CLOUD_MED_HEIGHT_M,0.0,9999,2015-10-11 23:00:00,0,,
97700,CLOUD_MED_HEIGHT_M,0.0,9999,2015-10-12 00:00:00,0,,
97700,CLOUD_MED_HEIGHT_M,0.0,9999,2015-10-12 01:00:00,0,,
97700,CLOUD_MED_HEIGHT_M,0.0,9999,2015-10-12 02:00:00,0,,
97700,CLOUD_MED_HEIGHT_M,0.0,9999,2015-10-12 03:00:00,0,,
97700,CLOUD_MED_HEIGHT_M,0.0,9999,2015-10-12 04:00:00,0,,
97700,CLOUD_MED_HEIGHT_M,0.0,9999,2015-10-12 05:00:00,0,,
97700,CLOUD_MED_HEIGHT_M,0.0,9999,2015-10-12 06:00:00,0,,
97700,CLOUD_MED_HEIGHT_M,0.0,9999,2015-10-12 07:00:00,0,,
97700,CLOUD_MED_HEIGHT_M,0.0,9999,2015-10-12 08:00:00,0,,
97700,CLOUD_MED_HEIGHT_M,0.0,9999,2015-10-12 09:00:00,0,,
97700,CLOUD_MED_HEIGHT_M,0.0,9999,2015-10-12 10:00:00,0,,
97700,CLOUD_MED_HEIGHT_M,0.0,9999,2015-10-12 11:00:00,0,,
97700,CLOUD_MED_HEIGHT_M,0.0,9999,2015-10-12 12:00:00,0,,
97700,CLOUD_MED_HEIGHT_M,0.0,9999,2015-10-12 13:00:00,0,,
97700,CLOUD_MED_HEIGHT_M,0.0,9999,2015-10-12 14:00:00,0,,
97700,CLOUD_MED_HEIGHT_M,0.0,9999,2015-10-12 15:00:00,0,,
97700,CLOUD_MED_HEIGHT_M,0.0,9999,2015-10-12 16:00:00,0,,
97700,CLOUD_MED_HEIGHT_M,0.0,9999,2015-10-12 17:00:00,0,,
97700,CLOUD_MED_HEIGHT_M,0.0,9999,2015-10-12 18:00:00,0,,
97700,CLOUD_MED_HEIGHT_M,0.0,9999,2015-10-12 19:00:00,0,,
97700,CLOUD_MED_HEIGHT_M,0.0,9999,2015-10-12 20:00:00,0,,
97700,CLOUD_MED_HEIGHT_M,0.0,9999,2015-10-12 21:00:00,0,,
97700,CLOUD_MED_HEIGHT_M,0.0,9999,2015-10-12 22:00:00,0,,
97700,CLOUD_MED_HEIGHT_M,0.0,9999,2015-10-16 23:00:00,0,,
97700,CLOUD_MED_HEIGHT_M,0.0,9999,2015-10-17 00:00:00,0,,
97700,CLOUD_MED_HEIGHT_M,0.0,9999,2015-10-17 01:00:00,0,,
97700,CLOUD_MED_HEIGHT_M,270.0,9999,2015-10-30 14:00:00,0,,
97700,CLOUD_MED_HEIGHT_M,0.0,9999,2015-11-02 23:00:00,0,,
97700,CLOUD_MED_HEIGHT_M,0.0,9999,2015-12-26 16:00:00,0,,
97700,CLOUD_MED_HEIGHT_M,0.0,9999,2015-12-26 17:00:00,0,,
97700,CLOUD_MED_HEIGHT_M,0.0,9999,2015-12-26 18:00:00,0,,
97700,CLOUD_MED_HEIGHT_M,0.0,9999,2015-12-26 19:00:00,0,,
97700,CLOUD_MED_HEIGHT_M,0.0,9999,2015-12-26 20:00:00,0,,
97700,CLOUD_MED_HEIGHT_M,270.0,9999,2015-12-30 18:00:00,0,,
97700,CLOUD_MED_HEIGHT_M,0.0,9999,2016-01-07 14:00:00,0,,
97700,CLOUD_MED_HEIGHT_M,0.0,9999,2016-01-07 15:00:00,0,,
97700,CLOUD_MED_HEIGHT_M,0.0,9999,2016-01-07 16:00:00,0,,
97700,CLOUD_MED_HEIGHT_M,0.0,9999,2016-01-07 17:00:00,0,,
97700,CLOUD_MED_HEIGHT_M,0.0,9999,2016-01-07 18:00:00,0,,
97700,CLOUD_MED_HEIGHT_M,0.0,9999,2016-01-07 19:00:00,0,,
97700,CLOUD_MED_HEIGHT_M,0.0,9999,2016-01-07 20:00:00,0,,
97700,CLOUD_MED_HEIGHT_M,0.0,9999,2016-01-07 21:00:00,0,,
97700,CLOUD_MED_HEIGHT_M,0.0,9999,2016-01-07 22:00:00,0,,
97700,CLOUD_MED_HEIGHT_M,0.0,9999,2016-01-10 23:00:00,0,,
97700,CLOUD_MED_HEIGHT_M,0.0,9999,2016-01-11 00:00:00,0,,
97700,CLOUD_MED_HEIGHT_M,0.0,9999,2016-01-11 01:00:00,0,,
97700,CLOUD_MED_HEIGHT_M,0.0,9999,2016-01-11 02:00:00,0,,
97700,CLOUD_MED_HEIGHT_M,0.0,9999,2016-01-11 03:00:00,0,,
97700,CLOUD_MED_HEIGHT_M,0.0,9999,2016-01-11 04:00:00,0,,
97700,CLOUD_MED_HEIGHT_M,0.0,9999,2016-01-11 05:00:00,0,,
97700,CLOUD_MED_HEIGHT_M,0.0,9999,2016-01-11 06:00:00,0,,
97700,CLOUD_MED_HEIGHT_M,0.0,9999,2016-01-11 07:00:00,0,,
97700,CLOUD_MED_HEIGHT_M,0.0,9999,2016-01-11 08:00:00,0,,
97700,CLOUD_MED_HEIGHT_M,0.0,9999,2016-01-11 11:00:00,0,,
97700,CLOUD_MED_HEIGHT_M,0.0,9999,2016-01-11 12:00:00,0,,
97700,CLOUD_MED_HEIGHT_M,0.0,9999,2016-01-11 13:00:00,0,,
97700,CLOUD_MED_HEIGHT_M,0.0,9999,2016-01-11 14:00:00,0,,
97700,CLOUD_MED_HEIGHT_M,0.0,9999,2016-01-11 15:00:00,0,,
97700,CLOUD_MED_HEIGHT_M,300.0,9999,2016-01-18 21:00:00,0,,
97700,CLOUD_MED_HEIGHT_M,210.0,9999,2016-02-15 07:00:00,0,,
97700,CLOUD_MED_HEIGHT_M,0.0,9999,2016-03-06 23:00:00,0,,
97700,CLOUD_MED_HEIGHT_M,540.0,9999,2016-03-08 04:00:00,0,,
97700,CLOUD_MED_HEIGHT_M,270.0,9999,2016-04-17 04:00:00,0,,
97700,CLOUD_MED_HEIGHT_M,0.0,9999,2016-04-22 14:00:00,0,,
97700,CLOUD_MED_HEIGHT_M,0.0,9999,2016-04-22 15:00:00,0,,
97700,CLOUD_MED_HEIGHT_M,0.0,9999,2016-04-22 16:00:00,0,,
97700,CLOUD_MED_HEIGHT_M,0.0,9999,2016-04-22 17:00:00,0,,
97700,CLOUD_MED_HEIGHT_M,0.0,9999,2016-05-14 04:00:00,0,,
97700,CLOUD_MED_HEIGHT_M,0.0,9999,2016-05-14 23:00:00,0,,
97700,CLOUD_MED_HEIGHT_M,0.0,9999,2016-05-15 00:00:00,0,,
97700,CLOUD_MED_HEIGHT_M,0.0,9999,2016-05-22 11:00:00,0,,
97700,CLOUD_MED_HEIGHT_M,0.0,9999,2016-05-22 12:00:00,0,,
97700,CLOUD_MED_HEIGHT_M,0.0,9999,2016-05-22 13:00:00,0,,
97700,CLOUD_MED_HEIGHT_M,0.0,9999,2016-05-22 14:00:00,0,,
97700,CLOUD_MED_HEIGHT_M,0.0,9999,2016-05-22 15:00:00,0,,
97700,CLOUD_MED_HEIGHT_M,0.0,9999,2016-05-22 16:00:00,0,,
97700,CLOUD_MED_HEIGHT_M,0.0,9999,2016-05-22 17:00:00,0,,
97700,CLOUD_MED_HEIGHT_M,270.0,9999,2016-05-30 01:00:00,0,,
97700,CLOUD_MED_HEIGHT_M,0.0,9999,2016-05-30 11:00:00,0,,
97700,CLOUD_MED_HEIGHT_M,0.0,9999,2016-05-30 12:00:00,0,,
97700,CLOUD_MED_HEIGHT_M,0.0,9999,2016-05-30 13:00:00,0,,
97700,CLOUD_MED_HEIGHT_M,0.0,9999,2016-05-30 14:00:00,0,,
97700,CLOUD_MED_HEIGHT_M,0.0,9999,2016-05-30 15:00:00,0,,
97700,CLOUD_MED_HEIGHT_M,0.0,9999,2016-05-30 16:00:00,0,,
97700,CLOUD_MED_HEIGHT_M,0.0,9999,2016-05-30 17:00:00,0,,
97700,CLOUD_MED_HEIGHT_M,0.0,9999,2016-05-30 18:00:00,0,,
97700,CLOUD_MED_HEIGHT_M,0.0,9999,2016-05-30 19:00:00,0,,
97700,CLOUD_MED_HEIGHT_M,0.0,9999,2016-05-30 20:00:00,0,,
97700,CLOUD_MED_HEIGHT_M,0.0,9999,2016-05-30 21:00:00,0,,
97700,CLOUD_MED_HEIGHT_M,0.0,9999,2016-05-30 22:00:00,0,,
97700,CLOUD_MED_HEIGHT_M,270.0,9999,2016-06-04 07:00:00,0,,
97700,CLOUD_MED_HEIGHT_M,0.0,9999,2016-06-04 17:00:00,0,,
97700,CLOUD_MED_HEIGHT_M,0.0,9999,2016-06-04 18:00:00,0,,
97700,CLOUD_MED_HEIGHT_M,0.0,9999,2016-06-04 19:00:00,0,,
97700,CLOUD_MED_HEIGHT_M,0.0,9999,2016-06-04 20:00:00,0,,
97700,CLOUD_MED_HEIGHT_M,0.0,9999,2016-06-09 05:00:00,0,,
97700,CLOUD_MED_HEIGHT_M,0.0,9999,2016-06-09 06:00:00,0,,
97700,CLOUD_MED_HEIGHT_M,0.0,9999,2016-06-09 07:00:00,0,,
97700,CLOUD_MED_HEIGHT_M,0.0,9999,2016-06-09 08:00:00,0,,
97700,CLOUD_MED_HEIGHT_M,0.0,9999,2016-06-09 09:00:00,0,,
97700,CLOUD_MED_HEIGHT_M,0.0,9999,2016-06-09 10:00:00,0,,
97700,CLOUD_MED_HEIGHT_M,0.0,9999,2016-06-09 11:00:00,0,,
97700,CLOUD_MED_HEIGHT_M,0.0,9999,2016-06-09 12:00:00,0,,
97700,CLOUD_MED_HEIGHT_M,0.0,9999,2016-06-09 13:00:00,0,,
97700,CLOUD_MED_HEIGHT_M,0.0,9999,2016-06-09 14:00:00,0,,
97700,CLOUD_MED_HEIGHT_M,0.0,9999,2016-06-09 15:00:00,0,,
97700,CLOUD_MED_HEIGHT_M,0.0,9999,2016-06-09 16:00:00,0,,
97700,CLOUD_MED_HEIGHT_M,0.0,9999,2016-06-09 17:00:00,0,,
97700,CLOUD_MED_HEIGHT_M,0.0,9999,2016-06-09 18:00:00,0,,
97700,CLOUD_MED_HEIGHT_M,0.0,9999,2016-06-09 19:00:00,0,,
97700,CLOUD_MED_HEIGHT_M,0.0,9999,2016-06-09 20:00:00,0,,
97700,CLOUD_MED_HEIGHT_M,0.0,9999,2016-06-09 22:00:00,0,,
97700,CLOUD_MED_HEIGHT_M,0.0,9999,2016-07-03 23:00:00,0,,
97700,CLOUD_MED_HEIGHT_M,0.0,9999,2016-07-04 00:00:00,0,,
97700,CLOUD_MED_HEIGHT_M,0.0,9999,2016-07-04 01:00:00,0,,
97700,CLOUD_MED_HEIGHT_M,0.0,9999,2016-07-04 02:00:00,0,,
97700,CLOUD_MED_HEIGHT_M,300.0,9999,2016-08-01 23:00:00,0,,
97700,CLOUD_MED_HEIGHT_M,300.0,9999,2016-08-02 01:00:00,0,,
97700,CLOUD_MED_HEIGHT_M,270.0,9999,2016-08-09 01:00:00,0,,
97700,CLOUD_MED_HEIGHT_M,0.0,9999,2016-08-13 10:00:00,0,,
97700,CLOUD_MED_HEIGHT_M,0.0,9999,2016-08-13 11:00:00,0,,
97700,CLOUD_MED_HEIGHT_M,0.0,9999,2016-08-13 12:00:00,0,,
97700,CLOUD_MED_HEIGHT_M,0.0,9999,2016-08-13 13:00:00,0,,
97700,CLOUD_MED_HEIGHT_M,0.0,9999,2016-08-13 14:00:00,0,,
97700,CLOUD_MED_HEIGHT_M,0.0,9999,2016-08-13 15:00:00,0,,
97700,CLOUD_MED_HEIGHT_M,0.0,9999,2016-08-13 16:00:00,0,,
97700,CLOUD_MED_HEIGHT_M,0.0,9999,2016-08-13 17:00:00,0,,
97700,CLOUD_MED_HEIGHT_M,0.0,9999,2016-08-13 18:00:00,0,,
97700,CLOUD_MED_HEIGHT_M,0.0,9999,2016-08-13 19:00:00,0,,
97700,CLOUD_MED_HEIGHT_M,0.0,9999,2016-08-13 20:00:00,0,,
97700,CLOUD_MED_HEIGHT_M,0.0,9999,2016-08-13 21:00:00,0,,
97700,CLOUD_MED_HEIGHT_M,300.0,9999,2016-10-03 03:00:00,0,,
97700,CLOUD_MED_HEIGHT_M,0.0,9999,2016-10-14 12:00:00,0,,
97700,CLOUD_MED_HEIGHT_M,0.0,9999,2016-10-14 13:00:00,0,,
97700,CLOUD_MED_HEIGHT_M,0.0,9999,2016-10-14 14:00:00,0,,
97700,CLOUD_MED_HEIGHT_M,0.0,9999,2016-10-14 18:00:00,0,,
97700,CLOUD_MED_HEIGHT_M,0.0,9999,2016-10-14 19:00:00,0,,
97700,CLOUD_MED_HEIGHT_M,0.0,9999,2016-10-14 20:00:00,0,,
97700,CLOUD_MED_HEIGHT_M,0.0,9999,2016-10-14 21:00:00,0,,
97700,CLOUD_MED_HEIGHT_M,0.0,9999,2016-10-14 22:00:00,0,,
97700,CLOUD_MED_HEIGHT_M,0.0,9999,2016-10-17 15:00:00,0,,
97700,CLOUD_MED_HEIGHT_M,0.0,9999,2016-10-17 16:00:00,0,,
97700,CLOUD_MED_HEIGHT_M,0.0,9999,2016-10-17 17:00:00,0,,
97700,CLOUD_MED_HEIGHT_M,0.0,9999,2016-10-17 18:00:00,0,,
97700,CLOUD_MED_HEIGHT_M,0.0,9999,2016-10-17 19:00:00,0,,
97700,CLOUD_MED_HEIGHT_M,0.0,9999,2016-10-17 20:00:00,0,,
97700,CLOUD_MED_HEIGHT_M,0.0,9999,2016-10-17 22:00:00,0,,
97700,CLOUD_MED_HEIGHT_M,270.0,9999,2016-10-28 23:00:00,0,,
97700,CLOUD_MED_HEIGHT_M,270.0,9999,2016-10-29 23:00:00,0,,
97700,CLOUD_MED_HEIGHT_M,300.0,9999,2016-11-08 18:00:00,0,,
97700,CLOUD_MED_HEIGHT_M,270.0,9999,2016-11-09 17:00:00,0,,
97700,CLOUD_MED_HEIGHT_M,270.0,9999,2016-11-09 21:00:00,0,,
97700,CLOUD_MED_HEIGHT_M,270.0,9999,2016-11-12 22:00:00,0,,
97700,CLOUD_MED_HEIGHT_M,270.0,9999,2016-11-26 10:00:00,0,,
97700,CLOUD_MED_HEIGHT_M,270.0,9999,2016-12-03 20:00:00,0,,
97700,CLOUD_MED_HEIGHT_M,270.0,9999,2016-12-09 13:00:00,0,,
97700,CLOUD_MED_HEIGHT_M,270.0,9999,2016-12-16 23:00:00,0,,
97700,CLOUD_MED_HEIGHT_M,270.0,9999,2016-12-20 19:00:00,0,,
97700,CLOUD_MED_HEIGHT_M,270.0,9999,2016-12-22 07:00:00,0,,
97700,CLOUD_MED_HEIGHT_M,300.0,9999,2017-01-07 18:00:00,0,,
97700,CLOUD_MED_HEIGHT_M,240.0,9999,2017-01-19 12:00:00,0,,
97700,CLOUD_MED_HEIGHT_M,270.0,9999,2017-01-21 11:00:00,0,,
97700,CLOUD_MED_HEIGHT_M,270.0,9999,2017-01-21 20:00:00,0,,
97700,CLOUD_MED_HEIGHT_M,270.0,9999,2017-01-26 01:00:00,0,,
97700,CLOUD_MED_HEIGHT_M,270.0,9999,2017-01-26 13:00:00,0,,
97700,CLOUD_MED_HEIGHT_M,270.0,9999,2017-01-29 22:00:00,0,,
97700,CLOUD_MED_HEIGHT_M,270.0,9999,2017-02-06 09:00:00,0,,
97700,CLOUD_MED_HEIGHT_M,270.0,9999,2017-02-10 01:00:00,0,,
97700,CLOUD_MED_HEIGHT_M,270.0,9999,2017-02-14 23:00:00,0,,
97700,CLOUD_MED_HEIGHT_M,270.0,9999,2017-02-20 16:00:00,0,,
97700,CLOUD_MED_HEIGHT_M,270.0,9999,2017-02-20 17:00:00,0,,
97700,CLOUD_MED_HEIGHT_M,240.0,9999,2017-02-25 07:00:00,0,,
97700,CLOUD_MED_HEIGHT_M,240.0,9999,2017-07-22 13:00:00,0,,
97700,CLOUD_MED_HEIGHT_M,270.0,9999,2017-08-28 19:00:00,0,,
97700,CLOUD_MED_HEIGHT_M,0.0,9999,2017-09-12 11:00:00,0,,
97700,CLOUD_MED_HEIGHT_M,0.0,9999,2017-09-12 12:00:00,0,,
97700,CLOUD_MED_HEIGHT_M,0.0,9999,2017-09-12 13:00:00,0,,
97700,CLOUD_MED_HEIGHT_M,0.0,9999,2017-09-12 14:00:00,0,,
97700,CLOUD_MED_HEIGHT_M,0.0,9999,2017-09-12 15:00:00,0,,
97700,CLOUD_MED_HEIGHT_M,0.0,9999,2017-09-12 22:00:00,0,,
97700,CLOUD_MED_HEIGHT_M,0.0,9999,2017-09-12 23:00:00,0,,
97700,CLOUD_MED_HEIGHT_M,0.0,9999,2017-11-01 23:00:00,0,,
97700,CLOUD_MED_HEIGHT_M,0.0,9999,2017-11-02 00:00:00,0,,
97700,CLOUD_MED_HEIGHT_M,0.0,9999,2017-11-02 01:00:00,0,,
97700,CLOUD_MED_HEIGHT_M,0.0,9999,2017-11-02 02:00:00,0,,
97700,CLOUD_MED_HEIGHT_M,0.0,9999,2017-11-03 06:00:00,0,,
97700,CLOUD_MED_HEIGHT_M,0.0,9999,2017-11-03 07:00:00,0,,
97700,CLOUD_MED_HEIGHT_M,0.0,9999,2017-11-03 21:00:00,0,,
97700,CLOUD_MED_HEIGHT_M,0.0,9999,2017-11-03 22:00:00,0,,
97700,CLOUD_MED_HEIGHT_M,0.0,9999,2017-11-03 23:00:00,0,,
97700,CLOUD_MED_HEIGHT_M,0.0,9999,2017-11-04 16:00:00,0,,
97700,CLOUD_MED_HEIGHT_M,0.0,9999,2017-11-07 05:00:00,0,,
97700,CLOUD_MED_HEIGHT_M,0.0,9999,2017-12-12 00:00:00,0,,
97700,CLOUD_MED_HEIGHT_M,0.0,9999,2017-12-12 01:00:00,0,,
97700,CLOUD_MED_HEIGHT_M,240.0,9999,2018-01-18 07:00:00,0,,
97700,CLOUD_MED_HEIGHT_M,270.0,9999,2018-03-16 00:00:00,0,,
97700,CLOUD_MED_HEIGHT_M,0.0,9999,2018-03-19 01:00:00,0,,
97700,CLOUD_MED_HEIGHT_M,0.0,9999,2018-03-19 02:00:00,0,,
97700,CLOUD_MED_HEIGHT_M,0.0,9999,2018-03-19 03:00:00,0,,
97700,CLOUD_MED_HEIGHT_M,0.0,9999,2018-03-19 19:00:00,0,,
97700,CLOUD_MED_HEIGHT_M,0.0,9999,2018-03-19 20:00:00,0,,
97700,CLOUD_MED_HEIGHT_M,240.0,9999,2018-03-22 06:00:00,0,,
97700,CLOUD_MED_HEIGHT_M,0.0,9999,2018-03-30 03:00:00,0,,
97700,CLOUD_MED_HEIGHT_M,0.0,9999,2018-03-30 04:00:00,0,,
97700,CLOUD_MED_HEIGHT_M,0.0,9999,2018-03-30 05:00:00,0,,
97700,CLOUD_MED_HEIGHT_M,0.0,9999,2018-04-08 01:00:00,0,,
97700,CLOUD_MED_HEIGHT_M,0.0,9999,2018-04-08 02:00:00,0,,
97700,CLOUD_MED_HEIGHT_M,0.0,9999,2018-04-08 03:00:00,0,,
97700,CLOUD_MED_HEIGHT_M,0.0,9999,2018-04-08 04:00:00,0,,
97700,CLOUD_MED_HEIGHT_M,0.0,9999,2018-04-08 05:00:00,0,,
97700,CLOUD_MED_HEIGHT_M,0.0,9999,2018-04-08 06:00:00,0,,
97700,CLOUD_MED_HEIGHT_M,0.0,9999,2018-04-08 07:00:00,0,,
97700,CLOUD_MED_HEIGHT_M,0.0,9999,2018-04-08 08:00:00,0,,
97700,CLOUD_MED_HEIGHT_M,270.0,9999,2018-04-09 05:00:00,0,,
97700,CLOUD_MED_HEIGHT_M,0.0,9999,2018-04-12 07:00:00,0,,
97700,CLOUD_MED_HEIGHT_M,0.0,9999,2018-04-12 08:00:00,0,,
97700,CLOUD_MED_HEIGHT_M,0.0,9999,2018-04-15 14:00:00,0,,
97700,CLOUD_MED_HEIGHT_M,0.0,9999,2018-04-15 15:00:00,0,,
97700,CLOUD_MED_HEIGHT_M,300.0,9999,2018-04-15 16:00:00,0,,
97700,CLOUD_MED_HEIGHT_M,300.0,9999,2018-04-15 17:00:00,0,,
97700,CLOUD_MED_HEIGHT_M,0.0,9999,2018-04-15 18:00:00,0,,
97700,CLOUD_MED_HEIGHT_M,0.0,9999,2018-04-15 19:00:00,0,,
97700,CLOUD_MED_HEIGHT_M,0.0,9999,2018-04-18 04:00:00,0,,
97700,CLOUD_MED_HEIGHT_M,0.0,9999,2018-04-18 05:00:00,0,,
97700,CLOUD_MED_HEIGHT_M,300.0,9999,2018-04-18 07:00:00,0,,
97700,CLOUD_MED_HEIGHT_M,0.0,9999,2018-05-01 00:00:00,0,,
97700,CLOUD_MED_HEIGHT_M,0.0,9999,2018-05-01 01:00:00,0,,
97700,CLOUD_MED_HEIGHT_M,0.0,9999,2018-05-01 02:00:00,0,,
97700,CLOUD_MED_HEIGHT_M,0.0,9999,2018-05-01 03:00:00,0,,
97700,CLOUD_MED_HEIGHT_M,0.0,9999,2018-05-01 04:00:00,0,,
97700,CLOUD_MED_HEIGHT_M,0.0,9999,2018-05-01 16:00:00,0,,
97700,CLOUD_MED_HEIGHT_M,0.0,9999,2018-05-01 17:00:00,0,,
97700,CLOUD_MED_HEIGHT_M,0.0,9999,2018-05-01 18:00:00,0,,
97700,CLOUD_MED_HEIGHT_M,0.0,9999,2018-05-01 19:00:00,0,,
97700,CLOUD_MED_HEIGHT_M,0.0,9999,2018-05-01 20:00:00,0,,
97700,CLOUD_MED_HEIGHT_M,0.0,9999,2018-05-01 21:00:00,0,,
97700,CLOUD_MED_HEIGHT_M,0.0,9999,2018-05-01 22:00:00,0,,
97700,CLOUD_MED_HEIGHT_M,0.0,9999,2018-05-01 23:00:00,0,,
97700,CLOUD_MED_HEIGHT_M,0.0,9999,2018-05-02 00:00:00,0,,
97700,CLOUD_MED_HEIGHT_M,0.0,9999,2018-05-02 01:00:00,0,,
97700,CLOUD_MED_HEIGHT_M,0.0,9999,2018-05-02 02:00:00,0,,
97700,CLOUD_MED_HEIGHT_M,0.0,9999,2018-05-02 03:00:00,0,,
97700,CLOUD_MED_HEIGHT_M,0.0,9999,2018-05-02 18:00:00,0,,
97700,CLOUD_MED_HEIGHT_M,0.0,9999,2018-05-02 19:00:00,0,,
97700,CLOUD_MED_HEIGHT_M,0.0,9999,2018-05-02 20:00:00,0,,
97700,CLOUD_MED_HEIGHT_M,0.0,9999,2018-05-02 21:00:00,0,,
97700,CLOUD_MED_HEIGHT_M,0.0,9999,2018-05-02 22:00:00,0,,
97700,CLOUD_MED_HEIGHT_M,0.0,9999,2018-05-02 23:00:00,0,,
97700,CLOUD_MED_HEIGHT_M,0.0,9999,2018-05-03 00:00:00,0,,
97700,CLOUD_MED_HEIGHT_M,0.0,9999,2018-05-03 01:00:00,0,,
97700,CLOUD_MED_HEIGHT_M,0.0,9999,2018-05-03 07:00:00,0,,
97700,CLOUD_MED_HEIGHT_M,0.0,9999,2018-05-03 08:00:00,0,,
97700,CLOUD_MED_HEIGHT_M,0.0,9999,2018-05-03 14:00:00,0,,
97700,CLOUD_MED_HEIGHT_M,0.0,9999,2018-05-03 15:00:00,0,,
97700,CLOUD_MED_HEIGHT_M,0.0,9999,2018-05-03 16:00:00,0,,
97700,CLOUD_MED_HEIGHT_M,0.0,9999,2018-05-05 03:00:00,0,,
97700,CLOUD_MED_HEIGHT_M,270.0,9999,2018-05-14 17:00:00,0,,
97700,CLOUD_MED_HEIGHT_M,0.0,9999,2018-05-23 03:00:00,0,,
97700,CLOUD_MED_HEIGHT_M,0.0,9999,2018-05-23 04:00:00,0,,
97700,CLOUD_MED_HEIGHT_M,0.0,9999,2018-05-23 05:00:00,0,,
97700,CLOUD_MED_HEIGHT_M,0.0,9999,2018-05-23 06:00:00,0,,
97700,CLOUD_MED_HEIGHT_M,0.0,9999,2018-05-23 07:00:00,0,,
97700,CLOUD_MED_HEIGHT_M,270.0,9999,2018-05-23 13:00:00,0,,
97700,CLOUD_MED_HEIGHT_M,0.0,9999,2018-05-25 00:00:00,0,,
97700,CLOUD_MED_HEIGHT_M,0.0,9999,2018-05-25 01:00:00,0,,
97700,CLOUD_MED_HEIGHT_M,240.0,9999,2018-06-05 06:00:00,0,,
97700,CLOUD_MED_HEIGHT_M,300.0,9999,2018-06-05 16:00:00,0,,
97700,CLOUD_MED_HEIGHT_M,0.0,9999,2018-06-05 19:00:00,0,,
97700,CLOUD_MED_HEIGHT_M,0.0,9999,2018-06-05 20:00:00,0,,
97700,CLOUD_MED_HEIGHT_M,210.0,9999,2018-07-05 11:00:00,0,,
97700,CLOUD_MED_HEIGHT_M,0.0,9999,2018-07-17 13:00:00,0,,
97700,CLOUD_MED_HEIGHT_M,0.0,9999,2018-07-20 03:00:00,0,,
97700,CLOUD_MED_HEIGHT_M,300.0,9999,2018-07-25 22:00:00,0,,
97700,CLOUD_MED_HEIGHT_M,300.0,9999,2018-07-26 07:00:00,0,,
97700,CLOUD_MED_HEIGHT_M,0.0,9999,2018-07-26 09:00:00,0,,
97700,CLOUD_MED_HEIGHT_M,300.0,9999,2018-07-26 13:00:00,0,,
97700,CLOUD_MED_HEIGHT_M,0.0,9999,2018-07-31 23:00:00,0,,
97700,CLOUD_MED_HEIGHT_M,0.0,9999,2018-08-01 00:00:00,0,,
97700,CLOUD_MED_HEIGHT_M,0.0,9999,2018-08-01 01:00:00,0,,
97700,CLOUD_MED_HEIGHT_M,0.0,9999,2018-08-18 23:00:00,0,,
97700,CLOUD_MED_HEIGHT_M,0.0,9999,2018-08-19 00:00:00,0,,
97700,CLOUD_MED_HEIGHT_M,0.0,9999,2018-08-19 01:00:00,0,,
97700,CLOUD_MED_HEIGHT_M,0.0,9999,2018-08-19 02:00:00,0,,
97700,CLOUD_MED_HEIGHT_M,0.0,9999,2018-08-19 03:00:00,0,,
97700,CLOUD_MED_HEIGHT_M,0.0,9999,2018-08-19 04:00:00,0,,
97700,CLOUD_MED_HEIGHT_M,0.0,9999,2018-08-19 05:00:00,0,,
97700,CLOUD_MED_HEIGHT_M,0.0,9999,2018-08-19 06:00:00,0,,
97700,CLOUD_MED_HEIGHT_M,0.0,9999,2018-08-19 07:00:00,0,,
97700,CLOUD_MED_HEIGHT_M,0.0,9999,2018-08-19 17:00:00,0,,
97700,CLOUD_MED_HEIGHT_M,0.0,9999,2018-08-19 18:00:00,0,,
97700,CLOUD_MED_HEIGHT_M,270.0,9999,2018-08-19 20:00:00,0,,
97700,CLOUD_MED_HEIGHT_M,0.0,9999,2018-08-19 23:00:00,0,,
97700,CLOUD_MED_HEIGHT_M,0.0,9999,2018-09-11 03:00:00,0,,
97700,CLOUD_MED_HEIGHT_M,0.0,9999,2018-09-11 04:00:00,0,,
97700,CLOUD_MED_HEIGHT_M,0.0,9999,2018-09-11 05:00:00,0,,
97700,CLOUD_MED_HEIGHT_M,0.0,9999,2018-09-11 06:00:00,0,,
97700,CLOUD_MED_HEIGHT_M,0.0,9999,2018-09-11 07:00:00,0,,
97700,CLOUD_MED_HEIGHT_M,0.0,9999,2018-09-11 08:00:00,0,,
97700,CLOUD_MED_HEIGHT_M,0.0,9999,2018-09-12 05:00:00,0,,
97700,CLOUD_MED_HEIGHT_M,0.0,9999,2018-09-12 06:00:00,0,,
97700,CLOUD_MED_HEIGHT_M,0.0,9999,2018-09-20 01:00:00,0,,
97700,CLOUD_MED_HEIGHT_M,0.0,9999,2018-09-20 02:00:00,0,,
97700,CLOUD_MED_HEIGHT_M,0.0,9999,2018-09-23 06:00:00,0,,
97700,CLOUD_MED_HEIGHT_M,0.0,9999,2018-09-23 07:00:00,0,,
97700,CLOUD_MED_HEIGHT_M,0.0,9999,2018-09-26 00:00:00,0,,
97700,CLOUD_MED_HEIGHT_M,0.0,9999,2018-09-26 01:00:00,0,,
97700,CLOUD_MED_HEIGHT_M,0.0,9999,2018-09-26 02:00:00,0,,
97700,CLOUD_MED_HEIGHT_M,0.0,9999,2018-09-26 03:00:00,0,,
97700,CLOUD_MED_HEIGHT_M,0.0,9999,2018-09-26 04:00:00,0,,
97700,CLOUD_MED_HEIGHT_M,0.0,9999,2018-09-26 05:00:00,0,,
97700,CLOUD_MED_HEIGHT_M,0.0,9999,2018-09-26 06:00:00,0,,
97700,CLOUD_MED_HEIGHT_M,0.0,9999,2018-09-26 07:00:00,0,,
97700,CLOUD_MED_HEIGHT_M,0.0,9999,2018-09-26 08:00:00,0,,
97700,CLOUD_MED_HEIGHT_M,0.0,9999,2018-09-26 09:00:00,0,,
97700,CLOUD_MED_HEIGHT_M,0.0,9999,2018-09-26 10:00:00,0,,
97700,CLOUD_MED_HEIGHT_M,0.0,9999,2018-09-26 23:00:00,0,,
97700,CLOUD_MED_HEIGHT_M,0.0,9999,2018-09-30 01:00:00,0,,
97700,CLOUD_MED_HEIGHT_M,0.0,9999,2018-09-30 02:00:00,0,,
97700,CLOUD_MED_HEIGHT_M,0.0,9999,2018-09-30 03:00:00,0,,
97700,CLOUD_MED_HEIGHT_M,0.0,9999,2018-09-30 04:00:00,0,,
97700,CLOUD_MED_HEIGHT_M,0.0,9999,2018-09-30 05:00:00,0,,
97700,CLOUD_MED_HEIGHT_M,0.0,9999,2018-09-30 06:00:00,0,,
97700,CLOUD_MED_HEIGHT_M,0.0,9999,2018-09-30 07:00:00,0,,
97700,CLOUD_MED_HEIGHT_M,0.0,9999,2018-09-30 22:00:00,0,,
97700,CLOUD_MED_HEIGHT_M,0.0,9999,2018-09-30 23:00:00,0,,
97700,CLOUD_MED_HEIGHT_M,0.0,9999,2018-10-01 00:00:00,0,,
97700,CLOUD_MED_HEIGHT_M,0.0,9999,2018-10-02 01:00:00,0,,
97700,CLOUD_MED_HEIGHT_M,0.0,9999,2018-10-02 02:00:00,0,,
97700,CLOUD_MED_HEIGHT_M,0.0,9999,2018-10-02 03:00:00,0,,
97700,CLOUD_MED_HEIGHT_M,0.0,9999,2018-10-02 05:00:00,0,,
97700,CLOUD_MED_HEIGHT_M,0.0,9999,2018-10-02 06:00:00,0,,
97700,CLOUD_MED_HEIGHT_M,0.0,9999,2018-10-03 16:00:00,0,,
97700,CLOUD_MED_HEIGHT_M,0.0,9999,2018-10-03 17:00:00,0,,
97700,CLOUD_MED_HEIGHT_M,0.0,9999,2018-10-05 03:00:00,0,,
97700,CLOUD_MED_HEIGHT_M,0.0,9999,2018-10-05 04:00:00,0,,
97700,CLOUD_MED_HEIGHT_M,0.0,9999,2018-10-05 05:00:00,0,,
97700,CLOUD_MED_HEIGHT_M,0.0,9999,2018-10-05 06:00:00,0,,
97700,CLOUD_MED_HEIGHT_M,0.0,9999,2018-10-21 11:00:00,0,,
97700,CLOUD_MED_HEIGHT_M,0.0,9999,2018-10-21 12:00:00,0,,
97700,CLOUD_MED_HEIGHT_M,0.0,9999,2018-10-21 13:00:00,0,,
97700,CLOUD_MED_HEIGHT_M,0.0,9999,2018-10-24 00:00:00,0,,
97700,CLOUD_MED_HEIGHT_M,0.0,9999,2018-10-24 01:00:00,0,,
97700,CLOUD_MED_HEIGHT_M,0.0,9999,2018-10-24 02:00:00,0,,
97700,CLOUD_MED_HEIGHT_M,0.0,9999,2018-10-24 03:00:00,0,,
97700,CLOUD_MED_HEIGHT_M,0.0,9999,2018-10-24 04:00:00,0,,
97700,CLOUD_MED_HEIGHT_M,0.0,9999,2018-10-24 05:00:00,0,,
97700,CLOUD_MED_HEIGHT_M,0.0,9999,2018-10-24 06:00:00,0,,
97700,CLOUD_MED_HEIGHT_M,0.0,9999,2018-10-24 07:00:00,0,,
97700,CLOUD_MED_HEIGHT_M,0.0,9999,2018-10-24 12:00:00,0,,
97700,CLOUD_MED_HEIGHT_M,0.0,9999,2018-10-24 14:00:00,0,,
97700,CLOUD_MED_HEIGHT_M,0.0,9999,2018-10-24 15:00:00,0,,
97700,CLOUD_MED_HEIGHT_M,0.0,9999,2018-10-24 16:00:00,0,,
97700,CLOUD_MED_HEIGHT_M,0.0,9999,2018-10-29 01:00:00,0,,
97700,CLOUD_MED_HEIGHT_M,0.0,9999,2018-10-29 23:00:00,0,,
97700,CLOUD_MED_HEIGHT_M,0.0,9999,2018-10-30 00:00:00,0,,
97700,CLOUD_MED_HEIGHT_M,0.0,9999,2018-10-30 04:00:00,0,,
97700,CLOUD_MED_HEIGHT_M,0.0,9999,2018-10-30 05:00:00,0,,
97700,CLOUD_MED_HEIGHT_M,0.0,9999,2018-10-30 06:00:00,0,,
97700,CLOUD_MED_HEIGHT_M,300.0,9999,2018-11-21 01:00:00,0,,
97700,CLOUD_MED_HEIGHT_M,300.0,9999,2018-11-21 09:00:00,0,,
97700,CLOUD_MED_HEIGHT_M,510.0,9999,2019-10-09 01:00:00,0,,
97700,CLOUD_MED_HEIGHT_M,300.0,9999,2019-11-09 09:00:00,0,,
97700,CLOUD_MED_HEIGHT_M,270.0,9999,2020-04-10 01:00:00,0,,
97700,CLOUD_MED_HEIGHT_M,270.0,9999,2020-04-18 12:00:00,0,,
97700,CLOUD_MED_HEIGHT_M,270.0,9999,2020-05-04 03:00:00,0,,
97700,CLOUD_MED_HEIGHT_M,300.0,9999,2020-06-10 18:00:00,0,,
97700,CLOUD_MED_HEIGHT_M,250.0,9999,2020-06-16 10:00:00,0,,
97700,CLOUD_MED_HEIGHT_M,270.0,9999,2020-09-22 17:00:00,0,,
97700,CLOUD_MED_HEIGHT_M,210.0,9999,2020-11-21 13:00:00,0,,
97700,CLOUD_MED_HEIGHT_M,270.0,9999,2020-12-10 00:00:00,0,,
97700,CLOUD_MED_HEIGHT_M,270.0,9999,2021-03-15 00:00:00,0,,
97700,CLOUD_MED_HEIGHT_M,270.0,9999,2021-05-27 19:00:00,0,,
97700,CLOUD_MED_HEIGHT_M,270.0,9999,2022-04-17 13:00:00,0,,
97700,CLOUD_MED_HEIGHT_M,270.0,9999,2022-12-12 11:00:00,0,,
97700,CLOUD_MED_HEIGHT_M,220.0,9999,2023-07-20 19:00:00,0,,
97700,CLOUD_MED_HEIGHT_M,540.0,9999,2023-09-11 21:00:00,0,,
97700,CLOUD_MED_HEIGHT_M,270.0,9999,2023-12-31 13:00:00,0,,
97700,CLOUD_MED_HEIGHT_M,270.0,9999,2024-01-02 18:00:00,0,,
97700,CLOUD_HIGH_HEIGHT_M,2700.0,9999,2013-10-29 08:00:00,0,,
97700,CLOUD_HIGH_HEIGHT_M,2400.0,9999,2013-11-05 04:00:00,0,,
97700,CLOUD_HIGH_HEIGHT_M,2700.0,9999,2013-11-15 13:00:00,0,,
97700,CLOUD_HIGH_HEIGHT_M,750.0,9999,2013-12-14 04:00:00,0,,
97700,CLOUD_HIGH_HEIGHT_M,2700.0,9999,2013-12-19 19:00:00,0,,
97700,CLOUD_HIGH_HEIGHT_M,2700.0,9999,2013-12-19 21:00:00,0,,
97700,CLOUD_HIGH_HEIGHT_M,600.0,9999,2013-12-21 00:00:00,0,,
97700,CLOUD_HIGH_HEIGHT_M,2700.0,9999,2013-12-27 05:00:00,0,,
97700,CLOUD_HIGH_HEIGHT_M,0.0,9999,2013-12-31 20:00:00,0,,
97700,CLOUD_HIGH_HEIGHT_M,0.0,9999,2014-01-16 16:00:00,0,,
97700,CLOUD_HIGH_HEIGHT_M,0.0,9999,2014-01-16 17:00:00,0,,
97700,CLOUD_HIGH_HEIGHT_M,0.0,9999,2014-01-26 12:00:00,0,,
97700,CLOUD_HIGH_HEIGHT_M,0.0,9999,2014-01-26 13:00:00,0,,
97700,CLOUD_HIGH_HEIGHT_M,0.0,9999,2014-01-26 14:00:00,0,,
97700,CLOUD_HIGH_HEIGHT_M,0.0,9999,2014-01-26 15:00:00,0,,
97700,CLOUD_HIGH_HEIGHT_M,0.0,9999,2014-01-26 16:00:00,0,,
97700,CLOUD_HIGH_HEIGHT_M,0.0,9999,2014-01-26 17:00:00,0,,
97700,CLOUD_HIGH_HEIGHT_M,0.0,9999,2014-01-26 18:00:00,0,,
97700,CLOUD_HIGH_HEIGHT_M,0.0,9999,2014-01-26 19:00:00,0,,
97700,CLOUD_HIGH_HEIGHT_M,540.0,9999,2014-01-30 23:00:00,0,,
97700,CLOUD_HIGH_HEIGHT_M,0.0,9999,2014-02-23 13:00:00,0,,
97700,CLOUD_HIGH_HEIGHT_M,0.0,9999,2014-02-23 14:00:00,0,,
97700,CLOUD_HIGH_HEIGHT_M,0.0,9999,2014-02-23 15:00:00,0,,
97700,CLOUD_HIGH_HEIGHT_M,0.0,9999,2014-02-25 20:00:00,0,,
97700,CLOUD_HIGH_HEIGHT_M,0.0,9999,2014-03-06 08:00:00,0,,
97700,CLOUD_HIGH_HEIGHT_M,0.0,9999,2014-03-06 09:00:00,0,,
97700,CLOUD_HIGH_HEIGHT_M,0.0,9999,2014-03-11 14:00:00,0,,
97700,CLOUD_HIGH_HEIGHT_M,720.0,9999,2014-03-25 02:00:00,0,,
97700,CLOUD_HIGH_HEIGHT_M,720.0,9999,2014-03-29 08:00:00,0,,
97700,CLOUD_HIGH_HEIGHT_M,0.0,9999,2014-05-03 05:00:00,0,,
97700,CLOUD_HIGH_HEIGHT_M,0.0,9999,2014-05-04 05:00:00,0,,
97700,CLOUD_HIGH_HEIGHT_M,0.0,9999,2014-05-27 06:00:00,0,,
97700,CLOUD_HIGH_HEIGHT_M,0.0,9999,2014-05-27 07:00:00,0,,
97700,CLOUD_HIGH_HEIGHT_M,0.0,9999,2014-05-27 08:00:00,0,,
97700,CLOUD_HIGH_HEIGHT_M,0.0,9999,2014-06-11 13:00:00,0,,
97700,CLOUD_HIGH_HEIGHT_M,0.0,9999,2014-06-11 14:00:00,0,,
97700,CLOUD_HIGH_HEIGHT_M,0.0,9999,2014-06-11 15:00:00,0,,
97700,CLOUD_HIGH_HEIGHT_M,0.0,9999,2014-06-11 16:00:00,0,,
97700,CLOUD_HIGH_HEIGHT_M,0.0,9999,2014-06-11 17:00:00,0,,
97700,CLOUD_HIGH_HEIGHT_M,0.0,9999,2014-06-11 18:00:00,0,,
97700,CLOUD_HIGH_HEIGHT_M,0.0,9999,2014-06-11 19:00:00,0,,
97700,CLOUD_HIGH_HEIGHT_M,0.0,9999,2014-06-11 20:00:00,0,,
97700,CLOUD_HIGH_HEIGHT_M,0.0,9999,2014-06-11 21:00:00,0,,
97700,CLOUD_HIGH_HEIGHT_M,1500.0,9999,2014-06-22 22:00:00,0,,
97700,CLOUD_HIGH_HEIGHT_M,2700.0,9999,2014-06-23 20:00:00,0,,
97700,CLOUD_HIGH_HEIGHT_M,0.0,9999,2014-06-24 11:00:00,0,,
97700,CLOUD_HIGH_HEIGHT_M,0.0,9999,2014-06-24 12:00:00,0,,
97700,CLOUD_HIGH_HEIGHT_M,0.0,9999,2014-06-24 13:00:00,0,,
97700,CLOUD_HIGH_HEIGHT_M,0.0,9999,2014-06-24 14:00:00,0,,
97700,CLOUD_HIGH_HEIGHT_M,0.0,9999,2014-07-07 10:00:00,0,,
97700,CLOUD_HIGH_HEIGHT_M,720.0,9999,2014-07-24 15:00:00,0,,
97700,CLOUD_HIGH_HEIGHT_M,0.0,9999,2014-07-30 06:00:00,0,,
97700,CLOUD_HIGH_HEIGHT_M,0.0,9999,2014-08-06 06:00:00,0,,
97700,CLOUD_HIGH_HEIGHT_M,0.0,9999,2014-08-07 06:00:00,0,,
97700,CLOUD_HIGH_HEIGHT_M,0.0,9999,2014-08-07 07:00:00,0,,
97700,CLOUD_HIGH_HEIGHT_M,0.0,9999,2014-08-08 23:00:00,0,,
97700,CLOUD_HIGH_HEIGHT_M,9.0,9999,2014-08-09 02:00:00,0,,
97700,CLOUD_HIGH_HEIGHT_M,720.0,9999,2014-08-09 18:00:00,0,,
97700,CLOUD_HIGH_HEIGHT_M,9.0,9999,2014-08-15 05:00:00,0,,
97700,CLOUD_HIGH_HEIGHT_M,0.0,9999,2014-08-15 07:00:00,0,,
97700,CLOUD_HIGH_HEIGHT_M,0.0,9999,2014-08-15 13:00:00,0,,
97700,CLOUD_HIGH_HEIGHT_M,0.0,9999,2014-08-15 14:00:00,0,,
97700,CLOUD_HIGH_HEIGHT_M,0.0,9999,2014-08-15 15:00:00,0,,
97700,CLOUD_HIGH_HEIGHT_M,0.0,9999,2014-08-15 16:00:00,0,,
97700,CLOUD_HIGH_HEIGHT_M,2700.0,9999,2014-09-26 22:00:00,0,,
97700,CLOUD_HIGH_HEIGHT_M,0.0,9999,2014-10-22 06:00:00,0,,
97700,CLOUD_HIGH_HEIGHT_M,2700.0,9999,2014-11-28 15:00:00,0,,
97700,CLOUD_HIGH_HEIGHT_M,720.0,9999,2014-12-06 13:00:00,0,,
97700,CLOUD_HIGH_HEIGHT_M,2700.0,9999,2015-02-12 13:00:00,0,,
97700,CLOUD_HIGH_HEIGHT_M,0.0,9999,2015-02-21 01:00:00,0,,
97700,CLOUD_HIGH_HEIGHT_M,720.0,9999,2015-10-12 01:00:00,0,,
97700,CLOUD_HIGH_HEIGHT_M,720.0,9999,2015-11-29 02:00:00,0,,
97700,CLOUD_HIGH_HEIGHT_M,720.0,9999,2015-11-29 19:00:00,0,,
97700,CLOUD_HIGH_HEIGHT_M,720.0,9999,2015-11-30 04:00:00,0,,
97700,CLOUD_HIGH_HEIGHT_M,0.0,9999,2016-01-10 23:00:00,0,,
97700,CLOUD_HIGH_HEIGHT_M,0.0,9999,2016-01-11 00:00:00,0,,
97700,CLOUD_HIGH_HEIGHT_M,0.0,9999,2016-01-11 01:00:00,0,,
97700,CLOUD_HIGH_HEIGHT_M,0.0,9999,2016-01-11 02:00:00,0,,
97700,CLOUD_HIGH_HEIGHT_M,0.0,9999,2016-01-11 03:00:00,0,,
97700,CLOUD_HIGH_HEIGHT_M,0.0,9999,2016-01-11 04:00:00,0,,
97700,CLOUD_HIGH_HEIGHT_M,0.0,9999,2016-01-11 05:00:00,0,,
97700,CLOUD_HIGH_HEIGHT_M,0.0,9999,2016-01-11 06:00:00,0,,
97700,CLOUD_HIGH_HEIGHT_M,0.0,9999,2016-01-11 07:00:00,0,,
97700,CLOUD_HIGH_HEIGHT_M,0.0,9999,2016-01-11 11:00:00,0,,
97700,CLOUD_HIGH_HEIGHT_M,0.0,9999,2016-01-11 12:00:00,0,,
97700,CLOUD_HIGH_HEIGHT_M,0.0,9999,2016-01-11 13:00:00,0,,
97700,CLOUD_HIGH_HEIGHT_M,0.0,9999,2016-01-11 14:00:00,0,,
97700,CLOUD_HIGH_HEIGHT_M,0.0,9999,2016-01-11 15:00:00,0,,
97700,CLOUD_HIGH_HEIGHT_M,720.0,9999,2016-02-10 11:00:00,0,,
97700,CLOUD_HIGH_HEIGHT_M,720.0,9999,2016-02-26 06:00:00,0,,
97700,CLOUD_HIGH_HEIGHT_M,720.0,9999,2016-03-07 20:00:00,0,,
97700,CLOUD_HIGH_HEIGHT_M,2700.0,9999,2016-03-08 04:00:00,0,,
97700,CLOUD_HIGH_HEIGHT_M,2700.0,9999,2016-03-12 11:00:00,0,,
97700,CLOUD_HIGH_HEIGHT_M,0.0,9999,2016-04-14 11:00:00,0,,
97700,CLOUD_HIGH_HEIGHT_M,0.0,9999,2016-04-14 12:00:00,0,,
97700,CLOUD_HIGH_HEIGHT_M,0.0,9999,2016-04-14 13:00:00,0,,
97700,CLOUD_HIGH_HEIGHT_M,0.0,9999,2016-04-14 14:00:00,0,,
97700,CLOUD_HIGH_HEIGHT_M,0.0,9999,2016-04-14 15:00:00,0,,
97700,CLOUD_HIGH_HEIGHT_M,700.0,9999,2016-05-10 14:00:00,0,,
97700,CLOUD_HIGH_HEIGHT_M,720.0,9999,2016-05-17 20:00:00,0,,
97700,CLOUD_HIGH_HEIGHT_M,2700.0,9999,2016-05-22 13:00:00,0,,
97700,CLOUD_HIGH_HEIGHT_M,2700.0,9999,2016-05-28 16:00:00,0,,
97700,CLOUD_HIGH_HEIGHT_M,2700.0,9999,2016-06-16 05:00:00,0,,
97700,CLOUD_HIGH_HEIGHT_M,720.0,9999,2016-07-09 14:00:00,0,,
97700,CLOUD_HIGH_HEIGHT_M,720.0,9999,2016-07-26 11:00:00,0,,
97700,CLOUD_HIGH_HEIGHT_M,720.0,9999,2016-07-30 04:00:00,0,,
97700,CLOUD_HIGH_HEIGHT_M,720.0,9999,2016-07-30 15:00:00,0,,
97700,CLOUD_HIGH_HEIGHT_M,720.0,9999,2016-08-03 08:00:00,0,,
97700,CLOUD_HIGH_HEIGHT_M,720.0,9999,2016-08-09 05:00:00,0,,
97700,CLOUD_HIGH_HEIGHT_M,720.0,9999,2016-08-20 01:00:00,0,,
97700,CLOUD_HIGH_HEIGHT_M,2700.0,9999,2016-09-11 02:00:00,0,,
97700,CLOUD_HIGH_HEIGHT_M,720.0,9999,2016-09-12 10:00:00,0,,
97700,CLOUD_HIGH_HEIGHT_M,720.0,9999,2016-09-12 15:00:00,0,,
97700,CLOUD_HIGH_HEIGHT_M,720.0,9999,2016-09-20 19:00:00,0,,
97700,CLOUD_HIGH_HEIGHT_M,720.0,9999,2016-10-02 18:00:00,0,,
97700,CLOUD_HIGH_HEIGHT_M,750.0,9999,2016-10-14 18:00:00,0,,
97700,CLOUD_HIGH_HEIGHT_M,720.0,9999,2016-10-23 19:00:00,0,,
97700,CLOUD_HIGH_HEIGHT_M,720.0,9999,2016-10-29 01:00:00,0,,
97700,CLOUD_HIGH_HEIGHT_M,720.0,9999,2016-11-12 20:00:00,0,,
97700,CLOUD_HIGH_HEIGHT_M,0.0,9999,2016-11-20 11:00:00,0,,
97700,CLOUD_HIGH_HEIGHT_M,0.0,9999,2016-11-20 12:00:00,0,,
97700,CLOUD_HIGH_HEIGHT_M,2700.0,9999,2016-11-22 19:00:00,0,,
97700,CLOUD_HIGH_HEIGHT_M,0.0,9999,2016-12-06 11:00:00,0,,
97700,CLOUD_HIGH_HEIGHT_M,0.0,9999,2016-12-06 12:00:00,0,,
97700,CLOUD_HIGH_HEIGHT_M,0.0,9999,2016-12-06 13:00:00,0,,
97700,CLOUD_HIGH_HEIGHT_M,0.0,9999,2016-12-06 14:00:00,0,,
97700,CLOUD_HIGH_HEIGHT_M,720.0,9999,2016-12-22 13:00:00,0,,
97700,CLOUD_HIGH_HEIGHT_M,2700.0,9999,2017-01-03 15:00:00,0,,
97700,CLOUD_HIGH_HEIGHT_M,720.0,9999,2017-01-16 16:00:00,0,,
97700,CLOUD_HIGH_HEIGHT_M,720.0,9999,2017-02-01 20:00:00,0,,
97700,CLOUD_HIGH_HEIGHT_M,1500.0,9999,2017-03-26 20:00:00,0,,
97700,CLOUD_HIGH_HEIGHT_M,700.0,9999,2017-05-03 17:00:00,0,,
97700,CLOUD_HIGH_HEIGHT_M,720.0,9999,2017-05-03 22:00:00,0,,
97700,CLOUD_HIGH_HEIGHT_M,4.0,9999,2017-06-15 00:00:00,0,,
97700,CLOUD_HIGH_HEIGHT_M,2400.0,9999,2017-06-17 17:00:00,0,,
97700,CLOUD_HIGH_HEIGHT_M,7.0,9999,2017-06-18 21:00:00,0,,
97700,CLOUD_HIGH_HEIGHT_M,0.0,9999,2017-08-03 08:00:00,0,,
97700,CLOUD_HIGH_HEIGHT_M,2700.0,9999,2017-08-14 15:00:00,0,,
97700,CLOUD_HIGH_HEIGHT_M,0.0,9999,2017-08-18 12:00:00,0,,
97700,CLOUD_HIGH_HEIGHT_M,0.0,9999,2017-08-18 23:00:00,0,,
97700,CLOUD_HIGH_HEIGHT_M,720.0,9999,2017-09-21 04:00:00,0,,
97700,CLOUD_HIGH_HEIGHT_M,720.0,9999,2017-10-02 20:00:00,0,,
97700,CLOUD_HIGH_HEIGHT_M,0.0,9999,2017-11-03 06:00:00,0,,
97700,CLOUD_HIGH_HEIGHT_M,0.0,9999,2017-11-03 07:00:00,0,,
97700,CLOUD_HIGH_HEIGHT_M,0.0,9999,2017-11-03 21:00:00,0,,
97700,CLOUD_HIGH_HEIGHT_M,0.0,9999,2017-11-03 22:00:00,0,,
97700,CLOUD_HIGH_HEIGHT_M,0.0,9999,2017-11-24 11:00:00,0,,
97700,CLOUD_HIGH_HEIGHT_M,2700.0,9999,2017-12-04 14:00:00,0,,
97700,CLOUD_HIGH_HEIGHT_M,7.0,9999,2017-12-07 07:00:00,0,,
97700,CLOUD_HIGH_HEIGHT_M,0.0,9999,2017-12-12 00:00:00,0,,
97700,CLOUD_HIGH_HEIGHT_M,2700.0,9999,2018-02-18 09:00:00,0,,
97700,CLOUD_HIGH_HEIGHT_M,2700.0,9999,2018-02-18 10:00:00,0,,
97700,CLOUD_HIGH_HEIGHT_M,0.0,9999,2018-03-30 04:00:00,0,,
97700,CLOUD_HIGH_HEIGHT_M,0.0,9999,2018-03-30 05:00:00,0,,
97700,CLOUD_HIGH_HEIGHT_M,0.0,9999,2018-03-30 08:00:00,0,,
97700,CLOUD_HIGH_HEIGHT_M,0.0,9999,2018-04-08 01:00:00,0,,
97700,CLOUD_HIGH_HEIGHT_M,0.0,9999,2018-04-08 02:00:00,0,,
97700,CLOUD_HIGH_HEIGHT_M,0.0,9999,2018-04-08 03:00:00,0,,
97700,CLOUD_HIGH_HEIGHT_M,0.0,9999,2018-04-08 04:00:00,0,,
97700,CLOUD_HIGH_HEIGHT_M,0.0,9999,2018-04-08 05:00:00,0,,
97700,CLOUD_HIGH_HEIGHT_M,0.0,9999,2018-04-08 06:00:00,0,,
97700,CLOUD_HIGH_HEIGHT_M,0.0,9999,2018-04-08 07:00:00,0,,
97700,CLOUD_HIGH_HEIGHT_M,0.0,9999,2018-04-08 08:00:00,0,,
97700,CLOUD_HIGH_HEIGHT_M,0.0,9999,2018-04-11 07:00:00,0,,
97700,CLOUD_HIGH_HEIGHT_M,0.0,9999,2018-04-11 08:00:00,0,,
97700,CLOUD_HIGH_HEIGHT_M,0.0,9999,2018-04-18 13:00:00,0,,
97700,CLOUD_HIGH_HEIGHT_M,0.0,9999,2018-04-18 14:00:00,0,,
97700,CLOUD_HIGH_HEIGHT_M,0.0,9999,2018-04-18 15:00:00,0,,
97700,CLOUD_HIGH_HEIGHT_M,2700.0,9999,2018-04-25 11:00:00,0,,
97700,CLOUD_HIGH_HEIGHT_M,750.0,9999,2018-05-01 04:00:00,0,,
97700,CLOUD_HIGH_HEIGHT_M,0.0,9999,2018-05-02 00:00:00,0,,
97700,CLOUD_HIGH_HEIGHT_M,0.0,9999,2018-05-02 01:00:00,0,,
97700,CLOUD_HIGH_HEIGHT_M,0.0,9999,2018-05-02 02:00:00,0,,
97700,CLOUD_HIGH_HEIGHT_M,0.0,9999,2018-05-02 18:00:00,0,,
97700,CLOUD_HIGH_HEIGHT_M,0.0,9999,2018-05-02 19:00:00,0,,
97700,CLOUD_HIGH_HEIGHT_M,0.0,9999,2018-05-02 20:00:00,0,,
97700,CLOUD_HIGH_HEIGHT_M,0.0,9999,2018-05-02 21:00:00,0,,
97700,CLOUD_HIGH_HEIGHT_M,0.0,9999,2018-05-02 22:00:00,0,,
97700,CLOUD_HIGH_HEIGHT_M,0.0,9999,2018-05-05 03:00:00,0,,
97700,CLOUD_HIGH_HEIGHT_M,0.0,9999,2018-05-11 14:00:00,0,,
97700,CLOUD_HIGH_HEIGHT_M,0.0,9999,2018-05-11 15:00:00,0,,
97700,CLOUD_HIGH_HEIGHT_M,0.0,9999,2018-05-23 03:00:00,0,,
97700,CLOUD_HIGH_HEIGHT_M,0.0,9999,2018-05-23 04:00:00,0,,
97700,CLOUD_HIGH_HEIGHT_M,0.0,9999,2018-05-23 05:00:00,0,,
97700,CLOUD_HIGH_HEIGHT_M,0.0,9999,2018-05-23 06:00:00,0,,
97700,CLOUD_HIGH_HEIGHT_M,0.0,9999,2018-05-23 07:00:00,0,,
97700,CLOUD_HIGH_HEIGHT_M,7.0,9999,2018-05-23 22:00:00,0,,
97700,CLOUD_HIGH_HEIGHT_M,0.0,9999,2018-05-29 08:00:00,0,,
97700,CLOUD_HIGH_HEIGHT_M,0.0,9999,2018-05-29 10:00:00,0,,
97700,CLOUD_HIGH_HEIGHT_M,0.0,9999,2018-05-29 11:00:00,0,,
97700,CLOUD_HIGH_HEIGHT_M,0.0,9999,2018-07-05 11:00:00,0,,
97700,CLOUD_HIGH_HEIGHT_M,0.0,9999,2018-07-05 12:00:00,0,,
97700,CLOUD_HIGH_HEIGHT_M,0.0,9999,2018-07-26 05:00:00,0,,
97700,CLOUD_HIGH_HEIGHT_M,0.0,9999,2018-07-26 12:00:00,0,,
97700,CLOUD_HIGH_HEIGHT_M,0.0,9999,2018-08-07 05:00:00,0,,
97700,CLOUD_HIGH_HEIGHT_M,0.0,9999,2018-08-25 15:00:00,0,,
97700,CLOUD_HIGH_HEIGHT_M,0.0,9999,2018-08-25 16:00:00,0,,
97700,CLOUD_HIGH_HEIGHT_M,0.0,9999,2018-08-25 17:00:00,0,,
97700,CLOUD_HIGH_HEIGHT_M,0.0,9999,2018-08-25 22:00:00,0,,
97700,CLOUD_HIGH_HEIGHT_M,0.0,9999,2018-08-29 03:00:00,0,,
97700,CLOUD_HIGH_HEIGHT_M,0.0,9999,2018-08-29 04:00:00,0,,
97700,CLOUD_HIGH_HEIGHT_M,0.0,9999,2018-08-29 05:00:00,0,,
97700,CLOUD_HIGH_HEIGHT_M,0.0,9999,2018-09-20 01:00:00,0,,
97700,CLOUD_HIGH_HEIGHT_M,0.0,9999,2018-09-20 02:00:00,0,,
97700,CLOUD_HIGH_HEIGHT_M,0.0,9999,2018-09-26 00:00:00,0,,
97700,CLOUD_HIGH_HEIGHT_M,0.0,9999,2018-09-26 01:00:00,0,,
97700,CLOUD_HIGH_HEIGHT_M,0.0,9999,2018-09-26 02:00:00,0,,
97700,CLOUD_HIGH_HEIGHT_M,0.0,9999,2018-09-26 03:00:00,0,,
97700,CLOUD_HIGH_HEIGHT_M,0.0,9999,2018-09-26 05:00:00,0,,
97700,CLOUD_HIGH_HEIGHT_M,0.0,9999,2018-09-26 06:00:00,0,,
97700,CLOUD_HIGH_HEIGHT_M,0.0,9999,2018-09-26 07:00:00,0,,
97700,CLOUD_HIGH_HEIGHT_M,0.0,9999,2018-09-26 08:00:00,0,,
97700,CLOUD_HIGH_HEIGHT_M,0.0,9999,2018-09-26 09:00:00,0,,
97700,CLOUD_HIGH_HEIGHT_M,0.0,9999,2018-09-26 10:00:00,0,,
97700,CLOUD_HIGH_HEIGHT_M,0.0,9999,2018-09-30 08:00:00,0,,
97700,CLOUD_HIGH_HEIGHT_M,0.0,9999,2018-09-30 09:00:00,0,,
97700,CLOUD_HIGH_HEIGHT_M,0.0,9999,2018-10-02 01:00:00,0,,
97700,CLOUD_HIGH_HEIGHT_M,0.0,9999,2018-10-02 02:00:00,0,,
97700,CLOUD_HIGH_HEIGHT_M,0.0,9999,2018-10-05 03:00:00,0,,
97700,CLOUD_HIGH_HEIGHT_M,0.0,9999,2018-10-05 04:00:00,0,,
97700,CLOUD_HIGH_HEIGHT_M,0.0,9999,2018-10-05 05:00:00,0,,
97700,CLOUD_HIGH_HEIGHT_M,0.0,9999,2018-10-05 06:00:00,0,,
97700,CLOUD_HIGH_HEIGHT_M,0.0,9999,2018-10-29 01:00:00,0,,
97700,CLOUD_HIGH_HEIGHT_M,2700.0,9999,2018-11-01 02:00:00,0,,
97700,CLOUD_HIGH_HEIGHT_M,720.0,9999,2018-11-30 00:00:00,0,,
97700,CLOUD_HIGH_HEIGHT_M,0.0,9999,2018-12-16 06:00:00,0,,
97700,CLOUD_HIGH_HEIGHT_M,2700.0,9999,2018-12-18 02:00:00,0,,
97700,CLOUD_HIGH_HEIGHT_M,2700.0,9999,2019-01-06 03:00:00,0,,
97700,CLOUD_HIGH_HEIGHT_M,9.0,9999,2019-01-19 09:00:00,0,,
97700,CLOUD_HIGH_HEIGHT_M,9.0,9999,2019-01-19 10:00:00,0,,
97700,CLOUD_HIGH_HEIGHT_M,9.0,9999,2019-01-19 11:00:00,0,,
97700,CLOUD_HIGH_HEIGHT_M,0.0,9999,2019-02-03 04:00:00,0,,
97700,CLOUD_HIGH_HEIGHT_M,2700.0,9999,2019-03-12 17:00:00,0,,
97700,CLOUD_HIGH_HEIGHT_M,2700.0,9999,2019-06-01 21:00:00,0,,
97700,CLOUD_HIGH_HEIGHT_M,720.0,9999,2019-07-26 15:00:00,0,,
97700,CLOUD_HIGH_HEIGHT_M,2700.0,9999,2019-07-26 16:00:00,0,,
97700,CLOUD_HIGH_HEIGHT_M,2700.0,9999,2019-07-31 09:00:00,0,,
97700,CLOUD_HIGH_HEIGHT_M,2700.0,9999,2019-08-03 00:00:00,0,,
97700,CLOUD_HIGH_HEIGHT_M,2700.0,9999,2019-10-09 01:00:00,0,,
97700,CLOUD_HIGH_HEIGHT_M,720.0,9999,2019-11-14 19:00:00,0,,
97700,CLOUD_HIGH_HEIGHT_M,2700.0,9999,2020-01-15 00:00:00,0,,
97700,CLOUD_HIGH_HEIGHT_M,720.0,9999,2020-03-17 04:00:00,0,,
97700,CLOUD_HIGH_HEIGHT_M,722.0,9999,2020-04-13 22:00:00,0,,
97700,CLOUD_HIGH_HEIGHT_M,720.0,9999,2020-05-29 07:00:00,0,,
97700,CLOUD_HIGH_HEIGHT_M,0.0,9999,2020-06-11 19:00:00,0,,
97700,CLOUD_HIGH_HEIGHT_M,720.0,9999,2020-06-18 20:00:00,0,,
97700,CLOUD_HIGH_HEIGHT_M,720.0,9999,2020-06-22 09:00:00,0,,
97700,CLOUD_HIGH_HEIGHT_M,720.0,9999,2020-06-22 14:00:00,0,,
97700,CLOUD_HIGH_HEIGHT_M,720.0,9999,2020-08-12 04:00:00,0,,
97700,CLOUD_HIGH_HEIGHT_M,720.0,9999,2020-08-15 19:00:00,0,,
97700,CLOUD_HIGH_HEIGHT_M,800.0,9999,2020-11-21 17:00:00,0,,
97700,CLOUD_HIGH_HEIGHT_M,720.0,9999,2020-11-26 23:00:00,0,,
97700,CLOUD_HIGH_HEIGHT_M,720.0,9999,2020-12-18 18:00:00,0,,
97700,CLOUD_HIGH_HEIGHT_M,0.0,9999,2021-01-19 10:00:00,0,,
97700,CLOUD_HIGH_HEIGHT_M,2700.0,9999,2021-01-22 05:00:00,0,,
97700,CLOUD_HIGH_HEIGHT_M,720.0,9999,2021-02-10 22:00:00,0,,
97700,CLOUD_HIGH_HEIGHT_M,720.0,9999,2021-05-06 11:00:00,0,,
97700,CLOUD_HIGH_HEIGHT_M,720.0,9999,2021-05-19 04:00:00,0,,
97700,CLOUD_HIGH_HEIGHT_M,200.0,9999,2021-07-05 23:00:00,0,,
97700,CLOUD_HIGH_HEIGHT_M,720.0,9999,2021-07-13 06:00:00,0,,
97700,CLOUD_HIGH_HEIGHT_M,720.0,9999,2021-08-24 02:00:00,0,,
97700,CLOUD_HIGH_HEIGHT_M,2700.0,9999,2021-12-24 03:00:00,0,,
97700,CLOUD_HIGH_HEIGHT_M,720.0,9999,2022-01-03 09:00:00,0,,
97700,CLOUD_HIGH_HEIGHT_M,200.0,9999,2022-01-07 09:00:00,0,,
97700,CLOUD_HIGH_HEIGHT_M,2700.0,9999,2022-03-20 13:00:00,0,,
97700,CLOUD_HIGH_HEIGHT_M,2700.0,9999,2022-09-21 18:00:00,0,,
97700,CLOUD_HIGH_HEIGHT_M,2700.0,9999,2022-11-17 17:00:00,0,,
97700,CLOUD_HIGH_HEIGHT_M,720.0,9999,2022-12-13 16:00:00,0,,
97700,CLOUD_HIGH_HEIGHT_M,720.0,9999,2022-12-30 20:00:00,0,,
97700,CLOUD_HIGH_HEIGHT_M,2700.0,9999,2023-01-14 19:00:00,0,,
97700,CLOUD_HIGH_HEIGHT_M,2700.0,9999,2023-02-20 02:00:00,0,,
97700,CLOUD_HIGH_HEIGHT_M,720.0,9999,2023-03-05 10:00:00,0,,
97700,CLOUD_HIGH_HEIGHT_M,1009.0,9999,2023-05-02 06:00:00,0,,
97700,CLOUD_HIGH_HEIGHT_M,2700.0,9999,2023-05-08 18:00:00,0,,
97700,CLOUD_HIGH_HEIGHT_M,25.0,9999,2023-05-27 02:00:00,0,,
97700,CLOUD_HIGH_HEIGHT_M,720.0,9999,2023-07-12 00:00:00,0,,
97700,CLOUD_HIGH_HEIGHT_M,26.0,9999,2023-07-22 22:00:00,0,,
97700,CLOUD_HIGH_HEIGHT_M,2700.0,9999,2023-07-26 18:00:00,0,,
97700,CLOUD_HIGH_HEIGHT_M,720.0,9999,2023-11-05 00:00:00,0,,
97700,CLOUD_HIGH_HEIGHT_M,2700.0,9999,2023-12-01 15:00:00,0,,
97700,CLOUD_HIGH_HEIGHT_M,2700.0,9999,2024-01-13 21:00:00,0,,
97700,CLOUD_HIGH_HEIGHT_M,2700.0,9999,2024-01-14 18:00:00,0,,
97700,CLOUD_HIGH_HEIGHT_M,2700.0,9999,2024-02-17 00:00:00,0,,
97700,CLOUD_HIGH_HEIGHT_M,2700.0,9999,2024-05-23 03:00:00,0,,
97700,EVAPORATION_24HOURS_MM_EEE,46.0,9999,2015-02-22 00:00:00,0,,
97700,EVAPORATION_24HOURS_MM_EEE,30.9,9999,2020-03-06 00:00:00,0,,
97700,PRESSURE_TEND_3H_MB_PPP,-21.4,9999,2014-05-16 06:00:00,0,,
97700,VISIBILITY_VV,70.0,20,2013-12-28 05:00:00,0,,
97700,VISIBILITY_VV,96.0,9999,2014-06-15 07:00:00,0,,
97700,CLOUD_BASE_2_M_H,2400.0,9999,2022-03-01 00:00:00,0,,
